RECORDDATE,HOLDINGTYPE,DPID,CLIENTID,HOLDERNAME,STATUS,GROUPNAME,FUNDMANAGER,COUNTRY,CITY,SEBIREGNNO,PANNO,SHARESHELD,HOLDINGPERCENTAGE,SHARECAPITAL
30/06/2017,N,IN300167,10080116,NATIONAL WESTMINSTER BANK PLC AS DEPOSITARY OF BAILLIE GIFFORD GLOBAL ALPHA GROWTH FUND A SUB FUND OF BAILLIE GIFFORD UK AND BALANCED F,FII,BAILLIE GIFFORD,BAILLIE GIFFORD,UK,EDINBURGH,IN-UK-FD-2379-10,AAECR7622Q,451398,0.0283,1592899780
30/06/2017,N,IN300167,10021318,NATIONAL WESTMINSTER BANK PLC AS DEPOSITARY OF BAILLIE GIFFORD LONG TERM GLOBAL GROWTH FUND A SUB FUND OF BAILLIE GIFFORD OVERSEAS GROW,FII,BAILLIE GIFFORD,BAILLIE GIFFORD,UK,EDINBURGH,INUKFD109805,AACCT3887F,0,0,1592899780
30/06/2017,N,IN300167,10022423,NATIONAL WESTMINSTER BANK PLC AS DEPOSITORY OF BAILLIE GIFFORD INTERNATIONAL FUND A SUB FUND OF BAILLIE GIFFORD UK & BALANCED FUNDS ICV,FII,BAILLIE GIFFORD,BAILLIE GIFFORD,UK,EDINBURGH,IN-UK-FD-0939-04,AACCB5581C,343638,0.0216,1592899780
30/06/2017,N,IN300167,10022309,SCOTTISH MORTGAGE INVESTMENT TRUST PLC,FII,BAILLIE GIFFORD,BAILLIE GIFFORD,UK,EDINBURGH,INUKFA069401,AAHCS3917Q,4245400,0.2665,1592899780
30/06/2017,N,IN300054,10032835,"THE BAILLIE GIFFORD GROUP TRUST, BAILLIE GIFFORD EMERGING MARKETS FUND",FII,BAILLIE GIFFORD,BAILLIE GIFFORD,UK,EDINBURGH,IN-UK-FA-0913-04,AABTT6187A,269973,0.0169,1592899780
